k_paquetes_por_seg,frecuencia_observada,frecuencia_relativa,poisson_pmf_teorica,frecuencia_esperada
8,1,0.14285714285714285,0.12955152880350176,0.9068607016245124
9,4,0.5714285714285714,0.1316079022765732,0.9212553159360124
10,2,0.2857142857142857,0.12032722493858122,0.8422905745700686
